company_name,company_id,title,description,location,job_type,salary_min,salary_max,salary_period,application_url,industry,industries,posted_at,expires_at,approval_status,is_active,experience_level,remote_type,contact_email,skills,category,qualifications,responsibilities,is_featured
test-company1,1dff3246-f94c-4b8e-a433-5450b4f34c7b,test1,testing,"Miami, FL",Full-Time,,,year,https://www.linkedin.com/jobs/view/l-or%C3%A9al-travel-retail-americas-assistant-at-l-or%C3%A9al-4242945347,Management,,,2025-07-25T00:00:00.000000Z,Approved,True,,,,,,,,
test-company2,679babde-249d-440f-ae58-a0731fc507cd,test2,testing,"Miami, FL",Full-Time,,,year,https://www.linkedin.com/jobs/view/front-office-guest-service-agent-at-fontainebleau-miami-beach-4242967832,Hospitality,,,2025-07-25T00:00:00.000000Z,Approved,True,,,,,,,,
test-company3,f49e1148-88e5-4601-85e3-cf9b32e8c5a0,test3,testing,"Miami, FL",Full-Time,,,year,https://www.linkedin.com/jobs/view/front-office-guest-service-agent-at-fontainebleau-miami-beach-4242967833,Hospitality,,,2025-07-25T00:00:00.000000Z,Approved,True,,,,,,,,
test-company4,395716c8-d566-4699-a77b-b7478fb38b9d,test4,testing,"Miami, FL",Full-Time,,,year,https://www.linkedin.com/jobs/view/front-office-guest-service-agent-at-fontainebleau-miami-beach-4242967834,Hospitality,,,2025-07-25T00:00:00.000000Z,Approved,True,,,,,,,,
test-company5,5f6f80f5-00dd-4e65-b4ef-ece0bed08867,test5,testing,"Miami, FL",Full-Time,,,year,https://www.linkedin.com/jobs/view/front-office-guest-service-agent-at-fontainebleau-miami-beach-4242967835,Hospitality,,,2025-07-25T00:00:00.000000Z,Approved,True,,,,,,,,
test-company6,4acba5cb-86c6-425f-80fa-c7e47a7b2a54,test6,testing,"Miami, FL",Full-Time,,,year,https://www.linkedin.com/jobs/view/front-office-guest-service-agent-at-fontainebleau-miami-beach-4242967836,Hospitality,,,2025-07-25T00:00:00.000000Z,Approved,True,,,,,,,,
test-company7,280049cf-fd5d-44bf-bfbf-58233974e379,test7,testing,"Miami, FL",Full-Time,,,year,https://www.linkedin.com/jobs/view/front-office-guest-service-agent-at-fontainebleau-miami-beach-4242967837,Hospitality,,,2025-07-25T00:00:00.000000Z,Approved,True,,,,,,,,
test-company8,fee68817-f6d2-497f-87b8-de851cc94464,test8,testing,"Miami, FL",Full-Time,,,year,https://www.linkedin.com/jobs/view/front-office-guest-service-agent-at-fontainebleau-miami-beach-4242967838,Hospitality,,,2025-07-25T00:00:00.000000Z,Approved,True,,,,,,,,
test-company9,232115d9-90be-41c9-b327-5d23d1a4b6f3,test9,testing,"Miami, FL",Full-Time,,,year,https://www.linkedin.com/jobs/view/front-office-guest-service-agent-at-fontainebleau-miami-beach-4242967839,Hospitality,,,2025-07-25T00:00:00.000000Z,Approved,True,,,,,,,,
